id, index
1632644162889-2.jpg, 3
20210918_221800.jpg, 24
20210919_152531.jpg, 28
20210926_103248.jpg, 35
20210926_140004.jpg, 36
IMG_1546.jpg, 43
IMG_7276.jpg, 47
IMG_5140.jpg, 58
IMG_5868.JPG, 60
20210915_191220.jpeg, 87
20210918_190839.jpg, 90
20210918_224242.jpg, 92
20210925_135349.jpg, 97
20210925_141036.jpg, 98
20210926_142251.jpg, 103
20210926_181740.jpg, 104
IMG_0898.jpg, 112
IMG_5405.JPG, 122
IMG_5489.jpeg, 125
IMG_6243.jpeg, 126
KakaoTalk_Photo_2021-09-26-14-49-18 022.jpeg, 141
IMG_8882.jpg, 182
IMG_0437.jpeg, 186
IMG_2009.jpeg, 190
IMG_5299.jpeg, 195
IMG_6713.jpeg, 197
IMG_6715.jpeg, 198
KakaoTalk_Photo_2021-09-26-14-49-33 009.jpeg, 213
20210915_144355.jpeg, 235
20210915_191830.jpeg, 239
20210918_221540.jpg, 244
20210919_151349.jpg, 249
IMG_5260.jpeg, 279
IMG_6547.jpeg, 281
IMG_7479.JPG, 288
20201021_132415.jpg, 298
20210821_170322.jpg, 299
20210926_153825.jpg, 319
IMG_0077.jpeg, 328
17_11_26 오전 9_55 Office Lens.jpg, 343
20210915_192718.jpeg, 368
20210916_203133.jpeg, 371
20210919_132032.jpeg, 375
20210919_140345.jpg, 376
20210919_152720.jpg, 380
20210926_104010.jpg, 387
20210926_104838.jpg, 389
20210926_143425.jpg, 394
20180330_103036.jpg, 451
20210913_003230.jpg, 463